id	stable_id	glyph	codepoint	purpose	target_slot	font	source_family	font_sizes	baseline	license_status
UNI-001	NEXOS_ICON_APPS	◉	U+25C9	Rail home/apps mark	left rail home	/usr/share/fonts/TTF/DejaVuSans.ttf	Inter, -apple-system, BlinkMacSystemFont, Segoe UI, sans-serif	16,24,32,48,64	centered visible bounds per square alpha slot	not determinable from local font metadata
UNI-002	NEXOS_ICON_SEARCH	⌕	U+2315	Rail search mark	left rail search	/home/dnchabalala/.local/share/fonts/IosevkaNerdFont/IosevkaNerdFont-Regular.ttf	Inter, -apple-system, BlinkMacSystemFont, Segoe UI, sans-serif	16,24,32,48,64	centered visible bounds per square alpha slot	not determinable from local font metadata
UNI-003	NEXOS_ICON_FILES	▣	U+25A3	Files/folder mark	Files app and folder rows	/usr/share/fonts/TTF/DejaVuSans.ttf	Inter, -apple-system, BlinkMacSystemFont, Segoe UI, sans-serif	16,24,32,48,64	centered visible bounds per square alpha slot	not determinable from local font metadata
UNI-004	NEXOS_ICON_TERMINAL	⌘	U+2318	Terminal/command mark	Terminal app	/usr/share/fonts/TTF/DejaVuSans.ttf	Inter, -apple-system, BlinkMacSystemFont, Segoe UI, sans-serif	16,24,32,48,64	centered visible bounds per square alpha slot	not determinable from local font metadata
UNI-005	NEXOS_ICON_VISUALIZER	♪	U+266A	Visualizer/music mark	Visualizer app	/usr/share/fonts/TTF/DejaVuSans.ttf	Inter, -apple-system, BlinkMacSystemFont, Segoe UI, sans-serif	16,24,32,48,64	centered visible bounds per square alpha slot	not determinable from local font metadata
UNI-006	NEXOS_ICON_SETTINGS	⚙	U+2699	Settings mark	Settings app	/usr/share/fonts/TTF/DejaVuSans.ttf	Inter, -apple-system, BlinkMacSystemFont, Segoe UI, sans-serif	16,24,32,48,64	centered visible bounds per square alpha slot	not determinable from local font metadata
UNI-007	NEXOS_ICON_BROWSER	◎	U+25CE	Browser mark	Browser app	/usr/share/fonts/TTF/DejaVuSans.ttf	Inter, -apple-system, BlinkMacSystemFont, Segoe UI, sans-serif	16,24,32,48,64	centered visible bounds per square alpha slot	not determinable from local font metadata
UNI-008	NEXOS_ICON_EDITOR	✎	U+270E	Editor mark	Editor app	/usr/share/fonts/TTF/DejaVuSans.ttf	Inter, -apple-system, BlinkMacSystemFont, Segoe UI, sans-serif	16,24,32,48,64	centered visible bounds per square alpha slot	not determinable from local font metadata
UNI-009	NEXOS_ICON_MONITOR	▥	U+25A5	Monitor mark	Monitor app	/usr/share/fonts/TTF/DejaVuSans.ttf	Inter, -apple-system, BlinkMacSystemFont, Segoe UI, sans-serif	16,24,32,48,64	centered visible bounds per square alpha slot	not determinable from local font metadata
UNI-010	NEXOS_ICON_FILE	▤	U+25A4	File/document mark	Files rows	/usr/share/fonts/TTF/DejaVuSans.ttf	Inter, -apple-system, BlinkMacSystemFont, Segoe UI, sans-serif	16,24,32,48,64	centered visible bounds per square alpha slot	not determinable from local font metadata
UNI-011	NEXOS_ICON_SYSTEM	◫	U+25EB	System mark	System launcher	/usr/share/fonts/TTF/DejaVuSans.ttf	Inter, -apple-system, BlinkMacSystemFont, Segoe UI, sans-serif	16,24,32,48,64	centered visible bounds per square alpha slot	not determinable from local font metadata
UNI-012	NEXOS_ICON_THEMES	◐	U+25D0	Themes mark	Themes launcher	/usr/share/fonts/TTF/DejaVuSans.ttf	Inter, -apple-system, BlinkMacSystemFont, Segoe UI, sans-serif	16,24,32,48,64	centered visible bounds per square alpha slot	not determinable from local font metadata
UNI-013	NEXOS_ICON_CALCULATOR	+	U+002B	Calculator mark	Calculator launcher	/usr/share/fonts/noto/NotoSans-Regular.ttf	Inter, -apple-system, BlinkMacSystemFont, Segoe UI, sans-serif	16,24,32,48,64	centered visible bounds per square alpha slot	not determinable from local font metadata
UNI-014	NEXOS_ICON_CLOCK	◷	U+25F7	Clock mark	Clock launcher	/usr/share/fonts/TTF/DejaVuSans.ttf	Inter, -apple-system, BlinkMacSystemFont, Segoe UI, sans-serif	16,24,32,48,64	centered visible bounds per square alpha slot	not determinable from local font metadata
UNI-015	NEXOS_ICON_SNAKE	◆	U+25C6	Snake mark	Snake launcher	/usr/share/fonts/TTF/DejaVuSans.ttf	Inter, -apple-system, BlinkMacSystemFont, Segoe UI, sans-serif	16,24,32,48,64	centered visible bounds per square alpha slot	not determinable from local font metadata
UNI-016	NEXOS_ICON_BACK	‹	U+2039	Back navigation	Files/Browser toolbar	/usr/share/fonts/noto/NotoSans-Regular.ttf	Inter, -apple-system, BlinkMacSystemFont, Segoe UI, sans-serif	16,24,32,48,64	centered visible bounds per square alpha slot	not determinable from local font metadata
UNI-017	NEXOS_ICON_FORWARD	›	U+203A	Forward navigation	Files/Browser toolbar	/usr/share/fonts/noto/NotoSans-Regular.ttf	Inter, -apple-system, BlinkMacSystemFont, Segoe UI, sans-serif	16,24,32,48,64	centered visible bounds per square alpha slot	not determinable from local font metadata
UNI-018	NEXOS_ICON_UP	↑	U+2191	Parent directory	Files toolbar	/usr/share/fonts/TTF/DejaVuSans.ttf	Inter, -apple-system, BlinkMacSystemFont, Segoe UI, sans-serif	16,24,32,48,64	centered visible bounds per square alpha slot	not determinable from local font metadata
UNI-019	NEXOS_ICON_RELOAD	↻	U+21BB	Reload	Browser toolbar	/usr/share/fonts/TTF/DejaVuSans.ttf	Inter, -apple-system, BlinkMacSystemFont, Segoe UI, sans-serif	16,24,32,48,64	centered visible bounds per square alpha slot	not determinable from local font metadata
UNI-020	NEXOS_ICON_ADDRESS	◦	U+25E6	Address marker	Browser address field	/usr/share/fonts/TTF/DejaVuSans.ttf	Inter, -apple-system, BlinkMacSystemFont, Segoe UI, sans-serif	16,24,32,48,64	centered visible bounds per square alpha slot	not determinable from local font metadata
UNI-021	NEXOS_ICON_MORE	•••	U+2022	Browser overflow	Browser toolbar	/usr/share/fonts/noto/NotoSans-Regular.ttf	Inter, -apple-system, BlinkMacSystemFont, Segoe UI, sans-serif	16,24,32,48,64	centered visible bounds per square alpha slot	not determinable from local font metadata
